Model,MSE,RMSE,MAE,R²,MAPE,NRMSE
GRU,0.008627,0.092882,0.072378,0.462318,0.240121,0.255991
LSTM,0.009157,0.095691,0.074214,0.429295,0.234568,0.263735
SVM,0.009335,0.096618,0.075217,0.418194,0.239053,0.266288
Transformer-ST,0.01237,0.111219,0.088767,0.229051,0.282425,0.306532
ARIMA,0.022708,0.150691,0.128336,-0.415268,0.475149,0.415319
