Model,MSE,RMSE,MAE,R²,MAPE
GRU,0.016978180499478215,0.130300347273053,0.08733094388497012,0.8055622112762789,2829143522426.738
Transformer-ST,0.02184649151894284,0.14780558690030238,0.10707376636774671,0.749809262397386,2552956731248.1934
