,MSE,RMSE,MAE,R²
LSTM,0.03423788368750274,0.1850348175006605,0.13975079300392368,0.582902017259484
GRU,0.036554684256857574,0.1911927934229153,0.1426463495019264,0.5546779350495574
